DatoMaerke,NO2 ppb
2018-01-01,9.631655276595744
2018-01-02,23.751218822222224
2018-01-03,19.27909492857143
2018-01-04,27.729075744680852
2018-01-05,26.78394404255319
2018-01-06,16.03907389361702
2018-01-07,27.521560680851064
2018-01-08,33.9537964893617
2018-01-09,16.941190475
2018-01-10,21.527081936170212
2018-01-11,20.305248361702127
2018-01-12,18.25647855319149
2018-01-13,14.657101361702129
2018-01-14,10.103042872340426
2018-01-15,9.730675
2018-01-16,20.410400630434783
2018-01-17,26.169211042553194
2018-01-18,24.130177255319147
2018-01-19,26.815608468085106
2018-01-20,20.312748957446807
2018-01-21,25.194714468085106
2018-01-22,18.474245382978722
2018-01-23,17.789202760869564
2018-01-24,17.321712531914894
2018-01-25,22.747509659574465
2018-01-26,29.816197872340425
2018-01-27,15.09901389361702
2018-01-28,7.189650510638297
2018-01-29,8.684202191489362
2018-01-30,13.79488654090909
2018-01-31,16.83820385106383
2018-02-01,17.24424125531915
2018-02-02,20.208042212765957
2018-02-03,16.82042708510638
2018-02-04,12.423692723404255
2018-02-05,27.604180680851066
2018-02-06,27.689831565217393
2018-02-07,27.667071553191487
2018-02-08,29.713022978723405
2018-02-09,20.398560733333333
2018-02-10,20.261458723404253
2018-02-11,14.09397510638298
2018-02-12,15.849212999999999
2018-02-13,24.160649739130434
2018-02-14,27.810375829787233
2018-02-15,13.474599
2018-02-16,21.113129276595746
2018-02-17,21.96403289361702
2018-02-18,19.302599042553194
2018-02-19,25.757872234042555
2018-02-20,27.90366515909091
2018-02-21,28.720056829787236
2018-02-22,30.38085406521739
2018-02-23,31.323804297872343
2018-02-24,22.379572574468085
2018-02-25,16.459952617021276
2018-02-26,9.934353378723404
2018-02-27,15.999624052272729
2018-02-28,18.70034236170213
2018-03-01,22.917043063829787
2018-03-02,28.553674085106383
2018-03-03,22.639117446808513
2018-03-04,15.587177021276595
2018-03-05,25.834581255319147
2018-03-06,39.923460444444444
2018-03-07,37.56199038297872
2018-03-08,32.64955204255319
2018-03-09,26.496417446808508
2018-03-10,26.84408744680851
2018-03-11,18.168424127659573
2018-03-12,33.583286489361704
2018-03-13,21.13405
2018-03-14,24.356012847826086
2018-03-15,18.515775886363635
2018-03-16,19.498460717391307
2018-03-17,14.322577739130434
2018-03-18,20.222966391304347
2018-03-19,30.341228085106383
2018-03-20,17.25656267391304
2018-03-21,23.466176938297874
2018-03-22,27.987381361702127
2018-03-23,23.115514239130434
2018-03-24,15.409496382978721
2018-03-25,26.23195489361702
2018-03-26,26.912372872340427
2018-03-27,23.122512377777774
2018-03-28,16.765779744680852
2018-03-29,10.932679617021277
2018-03-30,15.823666173913043
2018-03-31,20.592806702127657
2018-04-01,10.66478270212766
2018-04-02,17.199677468085106
2018-04-03,30.617255086956522
2018-04-04,22.63959006382979
2018-04-05,21.221254170212767
2018-04-06,20.879951066666667
2018-04-07,21.823948723404257
2018-04-08,18.877782553191487
2018-04-09,30.61037534042553
2018-04-10,21.561095152173912
2018-04-11,20.873021617021276
2018-04-12,18.822124
2018-04-13,24.26949997826087
2018-04-14,19.51696885106383
2018-04-15,17.58906638297872
2018-04-16,36.341926446808515
2018-04-17,23.932383
2018-04-18,27.719185574468085
2018-04-19,28.947651234042553
2018-04-20,23.472198717948718
2018-04-21,14.719268217391303
2018-04-22,18.604183936170212
2018-04-23,13.625323468085107
2018-04-24,13.232637217391305
2018-04-25,19.952656255319148
2018-04-26,19.634951574468083
2018-04-27,13.50657425531915
2018-04-28,23.35164751111111
2018-04-29,19.622722340425533
2018-04-30,23.850012851063827
2018-05-01,14.79865685106383
2018-05-02,18.176996956521737
2018-05-03,21.06030425531915
2018-05-04,29.10270329787234
2018-05-05,25.259179782608697
2018-05-06,27.22224829787234
2018-05-07,31.21039468085106
2018-05-08,28.46533984782609
2018-05-09,34.67423117021277
2018-05-10,19.870606148936172
2018-05-11,19.165704170212766
2018-05-12,23.683919586956524
2018-05-13,23.07545025531915
2018-05-14,36.95818421276596
2018-05-15,31.870571456521738
2018-05-16,29.247695617021275
2018-05-17,20.222029723404255
2018-05-18,22.537457489361703
2018-05-19,13.262922891304349
2018-05-20,18.787344680851064
2018-05-21,14.34650774468085
2018-05-22,30.175323021739132
2018-05-23,34.74548531914893
2018-05-24,33.92808329787234
2018-05-25,33.44378246808511
2018-05-26,26.042922177777776
2018-05-27,19.000311340425533
2018-05-28,30.740043212765958
2018-05-29,34.48483226086957
2018-05-30,28.210009021276594
2018-05-31,19.412653695652175
2018-06-01,39.599221043478266
2018-06-02,28.493728217391308
2018-06-03,20.39534391489362
2018-06-04,15.150810361702128
2018-06-05,19.09057570212766
2018-06-06,12.736376177777778
2018-06-07,18.661339914893617
2018-06-08,30.179415510638297
2018-06-09,29.27923152173913
2018-06-10,19.157598234042553
2018-06-11,11.259983739130435
2018-06-12,14.964056350000002
2018-06-13,16.64803995744681
2018-06-14,15.108909
2018-06-15,20.00036141304348
2018-06-16,21.69789510638298
2018-06-17,12.706870063829788
2018-06-18,15.64077885106383
2018-06-19,12.46040643478261
2018-06-20,15.14429374468085
2018-06-21,12.051162170212766
2018-06-22,15.983001636363637
2018-06-23,11.132034891304349
2018-06-24,17.314795021276595
2018-06-25,26.200896574468086
2018-06-26,22.03334771111111
2018-06-27,20.59953989361702
2018-06-28,31.907854829787233
2018-06-29,15.797083382978725
2018-06-30,14.874241391304349
2018-07-01,9.29806214893617
2018-07-02,17.144464319148934
2018-07-03,23.91491797826087
2018-07-04,17.13230721276596
2018-07-05,12.156812972222221
2018-07-06,12.40830934042553
2018-07-07,10.489643891304349
2018-07-08,14.21551289361702
2018-07-09,11.794019042553192
2018-07-10,21.181681222222224
2018-07-11,20.769943446808508
2018-07-12,22.411401170212766
2018-07-13,23.19352852173913
2018-07-14,9.688059510638299
2018-07-15,12.513352531914894
2018-07-16,23.855802574468086
2018-07-17,27.426328045454547
2018-07-18,19.40926504255319
2018-07-19,16.6395174893617
2018-07-20,15.514656191489362
2018-07-21,18.236039212765956
2018-07-22,27.398232340425533
2018-07-23,16.274462489361703
2018-07-24,26.929199543478262
2018-07-25,24.390373063829788
2018-07-26,12.025891446808512
2018-07-27,25.97654829787234
2018-07-28,15.642198872340426
2018-07-29,15.468465723404254
2018-07-30,19.60805719148936
2018-07-31,24.413016636363636
2018-08-01,22.74392514893617
2018-08-02,24.794747978723404
2018-08-03,33.26315808510638
2018-08-04,14.534493255319148
2018-08-05,7.025944361702128
2018-08-06,18.043438468085107
2018-08-07,28.736525333333333
2018-08-08,24.386549000000002
2018-08-09,19.292053765957448
2018-08-10,14.792350680851065
2018-08-11,11.469249723404257
2018-08-12,13.138466276595745
2018-08-13,23.44114161702128
2018-08-14,21.304976279069766
2018-08-15,19.276350936170214
2018-08-16,19.163649326086958
2018-08-17,27.37224804347826
2018-08-18,16.36908689361702
2018-08-19,13.268324085106382
2018-08-20,13.507996340425532
2018-08-21,19.646784355555553
2018-08-22,15.554479808510639
2018-08-23,23.492855468085107
2018-08-24,18.059483173913044
2018-08-25,14.362685361702127
2018-08-26,12.751024212765957
2018-08-27,17.267106574468084
2018-08-28,22.446624829787236
2018-08-29,24.819514318181817
2018-08-30,25.942125680851067
2018-08-31,22.85377497826087
2018-09-01,16.699693531914892
2018-09-02,20.190721829787233
2018-09-03,24.270143148936167
2018-09-04,25.103523391304346
2018-09-05,34.880852936170214
2018-09-06,29.628977191489362
2018-09-07,23.62715644444444
2018-09-08,13.850313042553191
2018-09-09,13.715501723404257
2018-09-10,20.061207808510638
2018-09-11,15.887513347826086
2018-09-12,17.083203723404257
2018-09-13,21.282235021276595
2018-09-14,20.004818638297873
2018-09-15,14.798341574468086
2018-09-16,15.20759574468085
2018-09-17,27.100775680851065
2018-09-18,28.317238681818182
2018-09-19,20.863177
2018-09-20,18.96673934042553
2018-09-21,15.22973819148936
2018-09-22,9.543838760869566
2018-09-23,10.509450673913044
2018-09-24,21.902029595744683
2018-09-25,20.944313891304347
2018-09-26,11.998963808510638
2018-09-27,12.363860570212765
2018-09-28,16.328407695652174
2018-09-29,15.992049510638298
2018-09-30,12.257259255319148
2018-10-01,20.164615617021276
2018-10-02,14.810255159999999
2018-10-03,15.465965206382977
2018-10-04,22.801866212765955
2018-10-05,22.128317955555556
2018-10-06,23.253410829787235
2018-10-07,12.102475340425531
2018-10-08,16.88476525531915
2018-10-09,21.03313351111111
2018-10-10,34.001941276595744
2018-10-11,30.023155212765957
2018-10-12,30.456936638297872
2018-10-13,27.279960000000003
2018-10-14,18.34076404255319
2018-10-15,25.78744534042553
2018-10-16,36.797234893617016
2018-10-17,37.14837555555555
2018-10-18,26.87292085106383
2018-10-19,26.690254804347827
2018-10-20,20.220168446808508
2018-10-21,17.234961276595744
2018-10-22,14.59485840425532
2018-10-23,8.037155847826087
2018-10-24,23.649120255319147
2018-10-25,10.574010468085106
2018-10-26,23.93745897826087
2018-10-27,7.839571468085106
2018-10-28,11.61815485106383
2018-10-29,14.58149868888889
2018-10-30,16.526181680851064
2018-10-31,17.191636680851065
2018-11-01,25.118957723404254
2018-11-02,19.654844326086955
2018-11-03,22.10392144680851
2018-11-04,19.60668744680851
2018-11-05,20.487972914893614
2018-11-06,23.891441543478262
2018-11-07,28.272732127659577
2018-11-08,27.07242914893617
2018-11-09,24.473088666666666
2018-11-10,13.558266255319149
2018-11-11,12.928388680851064
2018-11-12,22.710731489361702
2018-11-13,19.980612733333334
2018-11-14,21.82696625531915
2018-11-15,23.11406960869565
2018-11-16,18.51531513333333
2018-11-17,16.738611173913046
2018-11-18,13.22380904255319
2018-11-19,14.290982446808512
2018-11-20,15.857651644444445
2018-11-21,19.32501010638298
2018-11-22,20.841534595744683
2018-11-23,26.327858638297876
2018-11-24,20.351838260869567
2018-11-25,18.197802021276594
2018-11-26,25.3641554893617
2018-11-27,30.143654
2018-11-28,18.20840319148936
2018-11-29,10.989566787234043
2018-11-30,14.302835127659574
2018-12-01,16.74388777777778
2018-12-02,11.978368893617022
2018-12-03,21.49498621276596
2018-12-04,12.010234373333333
2018-12-05,26.76248055319149
2018-12-06,17.65310474468085
2018-12-07,21.353673
2018-12-08,11.773741782608695
2018-12-09,13.148555127659574
2018-12-10,14.209613446808511
2018-12-11,9.318497066666666
2018-12-12,18.453690361702126
2018-12-13,19.66939685106383
2018-12-14,21.655416617021277
2018-12-15,17.130906652173913
2018-12-16,10.299916425531915
2018-12-17,26.113104808510638
2018-12-18,18.096666369565217
2018-12-19,16.066056022222224
2018-12-20,21.612117978723404
2018-12-21,19.53314797777778
2018-12-22,14.470940382978723
2018-12-23,17.547118468085106
2018-12-24,14.395939021276597
2018-12-25,5.938249234042553
2018-12-26,8.962320914893617
2018-12-27,8.501471086956522
2018-12-28,15.392384826086957
2018-12-29,13.043255340425532
2018-12-30,14.619398723404256
2018-12-31,12.726212978723405
2019-01-01,3.3154227340425533
2019-01-02,9.96625611668889
2019-01-03,23.40107417948718
2019-01-04,18.16078706521739
2019-01-05,16.689688234042553
2019-01-06,25.368952978723403
2019-01-07,21.455969021276594
2019-01-08,16.496760177777777
2019-01-09,5.9483913704680855
2019-01-10,26.00786640425532
2019-01-11,25.859322934782607
2019-01-12,17.52212874468085
2019-01-13,8.561269382978724
2019-01-14,14.609777659574467
2019-01-15,18.03819554347826
2019-01-16,17.206231638297872
2019-01-17,16.231362382978723
2019-01-18,26.614293555555555
2019-01-19,18.748656914893616
2019-01-20,19.59658489361702
2019-01-21,23.035335574468085
2019-01-22,22.301360717391304
2019-01-23,20.580518021276596
2019-01-24,19.673042340425532
2019-01-25,21.94253797826087
2019-01-26,15.828450170212765
2019-01-27,14.79938955319149
2019-01-28,19.89589555319149
2019-01-29,21.521289260869565
2019-01-30,26.223677765957447
2019-01-31,19.671805975609757
2019-02-01,26.533003326086956
2019-02-02,15.918563680851065
2019-02-03,14.374450531914896
2019-02-04,26.337908234042555
2019-02-05,14.914472869565216
2019-02-06,20.438484744680853
2019-02-07,20.906419
2019-02-08,16.43860208695652
2019-02-09,9.322311255319148
2019-02-10,12.894304217391305
2019-02-11,13.883754872340425
2019-02-12,22.16764385106383
2019-02-13,13.18400719148936
2019-02-14,17.37514291304348
2019-02-15,24.108430590909094
2019-02-16,24.827624347826085
2019-02-17,18.815538659574468
2019-02-18,24.7018774893617
2019-02-19,20.034204043478262
2019-02-20,17.31964925531915
2019-02-21,18.085298638297875
2019-02-22,19.099840543478262
2019-02-23,16.187049957446806
2019-02-24,18.07587489361702
2019-02-25,19.413623787234044
2019-02-26,24.598115782608694
2019-02-27,26.868101276595745
2019-02-28,27.39883
2019-03-01,33.54919288888889
2019-03-02,17.633390666666667
2019-03-03,11.752436765957446
2019-03-04,15.438483808510638
2019-03-05,18.571578711111112
2019-03-06,18.142232106382977
2019-03-07,17.00536355319149
2019-03-08,11.206867195652174
2019-03-09,7.843629851063829
2019-03-10,9.875511595744682
2019-03-11,25.774617787234043
2019-03-12,18.549917782608695
2019-03-13,13.939528914893618
2019-03-14,17.000208361702125
2019-03-15,15.46787495744681
2019-03-16,8.573932276595745
2019-03-17,7.13687129787234
2019-03-18,13.482968336170213
2019-03-19,24.138728
2019-03-20,19.132328170212766
2019-03-21,14.888451042553191
2019-03-22,15.15086459574468
2019-03-23,11.44505844680851
2019-03-24,9.592617978723405
2019-03-25,17.444181829787233
2019-03-26,18.757995444444443
2019-03-27,18.05653625531915
2019-03-28,18.562112319148934
2019-03-29,17.089706531914896
2019-03-30,15.182524106382978
2019-03-31,10.337925361702128
2019-04-01,24.09090723404255
2019-04-02,16.86323779545455
2019-04-03,22.584504680851065
2019-04-04,24.403579319148935
2019-04-05,25.372203489361706
2019-04-06,26.134258085106385
2019-04-07,27.14386885106383
2019-04-08,15.574119787234041
2019-04-09,13.85980790909091
2019-04-10,19.341151808510638
2019-04-11,19.6514955106383
2019-04-12,25.76066155319149
2019-04-13,17.729414000000002
2019-04-14,13.257976586956522
2019-04-15,21.92300219148936
2019-04-16,18.618790795454547
2019-04-17,26.04291329787234
2019-04-18,19.483587531914893
2019-04-19,24.25609489361702
2019-04-20,36.83839531914894
2019-04-21,28.908133260869565
2019-04-22,13.998220255319149
2019-04-23,16.384877200000002
2019-04-24,19.29511444680851
2019-04-25,22.536146276595744
2019-04-26,32.10855234042553
2019-04-27,20.223872170212765
2019-04-28,12.472734911111111
2019-04-29,16.779697
2019-04-30,28.25395448888889
2019-05-01,11.503601468085106
2019-05-02,10.24309874468085
2019-05-03,16.18585904255319
2019-05-04,14.170978893617022
2019-05-05,12.861319934782609
2019-05-06,14.46268370212766
2019-05-07,14.568151244444445
2019-05-08,21.98535608695652
2019-05-09,19.851968638297873
2019-05-10,21.52624510638298
2019-05-11,12.10451655319149
2019-05-12,8.621148652173913
2019-05-13,14.328247893617021
2019-05-14,20.852892804347825
2019-05-15,20.417482531914892
2019-05-16,19.82605336170213
2019-05-17,16.700989617021275
2019-05-18,18.314365510638297
2019-05-19,15.497180638297872
2019-05-20,18.068541659574468
2019-05-21,22.66314913636364
2019-05-22,19.004373872340423
2019-05-23,16.33714634042553
2019-05-24,16.76012178723404
2019-05-25,9.222035021276596
2019-05-26,10.780996021276597
2019-05-27,12.519835510638298
2019-05-28,14.771868295454546
2019-05-29,15.346160382978724
2019-05-30,10.538215489361702
2019-05-31,20.72275955319149
2019-06-01,11.527850234042551
2019-06-02,11.485310042553191
2019-06-03,19.53694385106383
2019-06-04,21.170566863636363
2019-06-05,22.947104510638294
2019-06-06,24.206267239130433
2019-06-07,23.996649282608697
2019-06-08,12.355215106382978
2019-06-09,11.234967276595745
2019-06-10,14.927673361702126
2019-06-11,21.714268630434784
2019-06-12,20.027383574468086
2019-06-13,16.376645382978722
2019-06-14,23.05953993478261
2019-06-15,23.90824229787234
2019-06-16,12.310424234042552
2019-06-17,16.789796808510637
2019-06-18,16.954959782608693
2019-06-19,22.928226170212767
2019-06-20,20.4095766
2019-06-21,14.112618444444443
2019-06-22,12.509021936170212
2019-06-23,16.99075895744681
2019-06-24,20.97710555319149
2019-06-25,22.812423733333333
2019-06-26,23.370116255319147
2019-06-27,12.01196110638298
2019-06-28,21.11028797826087
2019-06-29,12.089145148936172
2019-06-30,12.120456723404256
2019-07-01,9.429491914893617
2019-07-02,7.054328088888889
2019-07-03,8.654610765957447
2019-07-04,8.537377191489362
2019-07-05,10.860737173913042
2019-07-06,8.350051042553192
2019-07-07,6.641550446808511
2019-07-08,10.687130829787234
2019-07-09,9.678221341463415
2019-07-10,12.488552829787235
2019-07-11,18.919125425531913
2019-07-12,21.565682608695653
2019-07-13,19.91381246808511
2019-07-14,8.215134085106383
2019-07-15,10.894550234042553
2019-07-16,11.220059222222222
2019-07-17,16.774559063829788
2019-07-18,17.80673544680851
2019-07-19,15.970709022727272
2019-07-20,13.956541195652175
2019-07-21,7.2834541702127655
2019-07-22,11.913227510638299
2019-07-23,14.301476399999999
2019-07-24,22.787469978723404
2019-07-25,14.110527872340425
2019-07-26,19.444487765957447
2019-07-27,12.967171565217393
2019-07-28,13.971099127659574
2019-07-29,25.667606617021274
2019-07-30,13.828782652173913
2019-07-31,18.987478340425533
2019-08-01,21.504595425531917
2019-08-02,21.426205936170213
2019-08-03,13.708660680851064
2019-08-04,14.487150851063829
2019-08-05,15.469504659574469
2019-08-06,18.582078409090908
2019-08-07,16.173695914893617
2019-08-08,19.085481212765956
2019-08-09,16.738521875
2019-08-10,10.016392787234043
2019-08-11,11.153266777777777
2019-08-12,15.456944191489361
2019-08-13,20.628472652173915
2019-08-14,18.876660127659576
2019-08-15,15.739332510638299
2019-08-16,18.374403106382978
2019-08-17,11.521024744680851
2019-08-18,13.146933282608694
2019-08-19,16.242390319148935
2019-08-20,20.270063666666665
2019-08-21,20.603467127659574
2019-08-22,19.635523489361702
2019-08-23,25.284115744680854
2019-08-24,19.858613680851064
2019-08-25,21.321701739130436
2019-08-26,24.625513872340424
2019-08-27,25.46058795744681
2019-08-28,25.939428288888887
2019-08-29,23.44085717021277
2019-08-30,19.310311936170212
2019-08-31,26.29380063829787
2019-09-01,13.923549152173912
2019-09-02,14.692193
2019-09-03,16.895092326086957
2019-09-04,18.99035144680851
2019-09-05,15.751060744680851
2019-09-06,18.269565659574468
2019-09-07,13.825890617021278
2019-09-08,21.583733666666667
2019-09-09,18.492892468085106
2019-09-10,20.32362360869565
2019-09-11,13.40353514893617
2019-09-12,15.494651127659575
2019-09-13,12.404896063829788
2019-09-14,9.594316531914894
2019-09-15,5.860360791489361
2019-09-16,10.173100229787234
2019-09-17,12.729336113636363
2019-09-18,22.023777319148937
2019-09-19,24.682992255319153
2019-09-20,17.410041063829787
2019-09-21,18.758935
2019-09-22,21.480599468085106
2019-09-23,14.192254787234043
2019-09-24,20.98163106666667
2019-09-25,20.904431914893618
2019-09-26,20.396473468085105
2019-09-27,21.074027680851064
2019-09-28,12.341341659574468
2019-09-29,10.666155063829788
2019-09-30,14.024880978723404
2019-10-01,23.6001395
2019-10-02,23.974164318181817
2019-10-03,13.306369382978723
2019-10-04,20.741947787234043
2019-10-05,13.355619425531915
2019-10-06,14.68154955319149
2019-10-07,26.11617191489362
2019-10-08,18.811709953488375
2019-10-09,19.82432780851064
2019-10-10,20.036663170212766
2019-10-11,16.31032080851064
2019-10-12,13.786743702127659
2019-10-13,13.271131276595744
2019-10-14,12.515921957446809
2019-10-15,18.104195636363638
2019-10-16,18.589199390243905
2019-10-17,20.317268531914895
2019-10-18,13.981249782608694
2019-10-19,10.56698914893617
2019-10-20,16.547104170212766
2019-10-21,19.79420989361702
2019-10-22,17.43066995652174
2019-10-23,21.32805585106383
2019-10-24,15.704547446808512
2019-10-25,17.740105391304347
2019-10-26,9.727001425531915
2019-10-27,7.712550234042554
2019-10-28,23.134239936170214
2019-10-29,24.649420382978725
2019-10-30,29.190933377777778
2019-10-31,26.30342289361702
2019-11-01,20.584261155555556
2019-11-02,15.47870414893617
2019-11-03,20.342845106382978
2019-11-04,15.435470148936169
2019-11-05,16.612197177777777
2019-11-06,22.87663970212766
2019-11-07,23.72236708510638
2019-11-08,25.094330108695655
2019-11-09,16.574704319148935
2019-11-10,15.497529723404256
2019-11-11,14.207856340425533
2019-11-12,12.588853
2019-11-13,16.670942
2019-11-14,22.877565999999998
2019-11-15,13.531560851063832
2019-11-16,11.608569829787236
2019-11-17,15.164116782608694
2019-11-18,13.06106343478261
2019-11-19,13.149146739130435
2019-11-20,22.19525797826087
2019-11-21,17.283174914893618
2019-11-22,15.410034468085106
2019-11-23,9.515355
2019-11-24,8.008250340425532
2019-11-25,14.331822
2019-11-26,16.198697863636365
2019-11-27,17.67317944680851
2019-11-28,17.13439993617021
2019-11-29,18.415783085106384
2019-11-30,26.16055680851064
2019-12-01,19.848035382978722
2019-12-02,25.301756085106383
2019-12-03,29.2712438
2019-12-04,20.47050695744681
2019-12-05,21.265533
2019-12-06,17.176245319148936
2019-12-07,13.550740744680851
2019-12-08,11.621894319148936
2019-12-09,15.205319659574469
2019-12-10,24.834195355555554
2019-12-11,18.771413170212767
2019-12-12,20.079695521739133
2019-12-13,16.198910872340424
2019-12-14,12.318270382978723
2019-12-15,7.600920595744681
2019-12-16,19.679433468085104
2019-12-17,21.5346004
2019-12-18,20.084275617021277
2019-12-19,23.032124276595745
2019-12-20,19.32902404255319
2019-12-21,21.127761914893618
2019-12-22,14.038618829787232
2019-12-23,13.176756955555556
2019-12-24,12.910684217391305
2019-12-25,13.572413425531915
2019-12-26,9.521682340425532
2019-12-27,10.052635170212767
2019-12-28,13.319287106382978
2019-12-29,12.863270021276596
2019-12-30,15.50666989361702
2019-12-31,8.152711688888889
2020-01-01,8.154051872340425
2020-01-02,13.704792510638299
2020-01-03,14.821735127659574
2020-01-04,8.231163170212765
2020-01-05,15.035567191489362
2020-01-06,22.67746414893617
2020-01-07,19.212696911111113
2020-01-08,20.12078436170213
2020-01-09,22.96749110638298
2020-01-10,24.85323585106383
2020-01-11,11.701958595744681
2020-01-12,12.631593702127658
2020-01-13,22.416995
2020-01-14,14.960156021739131
2020-01-15,15.231216638297871
2020-01-16,20.32927659574468
2020-01-17,16.82597841304348
2020-01-18,13.059157063829788
2020-01-19,15.914256340425533
2020-01-20,19.65337814893617
2020-01-21,9.279336574468084
2020-01-22,21.562578170212767
2020-01-23,21.90722670212766
2020-01-24,15.273573444444443
2020-01-25,14.160500404255318
2020-01-26,13.610230340425533
2020-01-27,16.7180715106383
2020-01-28,19.103479829787236
2020-01-29,19.972748
2020-01-30,20.516894468085106
2020-01-31,16.720066282608695
2020-02-01,11.573852212765956
2020-02-02,6.898808170212766
2020-02-03,20.76418963829787
2020-02-04,13.047634042553192
2020-02-05,20.69588405882353
2020-02-06,18.55555004347826
2020-02-07,16.2035934893617
2020-02-08,9.777452680851065
2020-02-09,8.31932544680851
2020-02-10,10.184260765957447
2020-02-11,11.3677835
2020-02-12,11.290999282608697
2020-02-13,17.925837222222224
2020-02-14,22.352611217391303
2020-02-15,10.72196085106383
2020-02-16,8.193946319148937
2020-02-17,11.322843772727273
2020-02-18,13.551337978723403
2020-02-19,19.428862765957447
2020-02-20,13.863062808510637
2020-02-21,10.911627297872341
2020-02-22,6.173474297872341
2020-02-23,7.8455512
2020-02-24,16.64542704255319
2020-02-25,11.929935804347826
2020-02-26,19.29544574468085
2020-02-27,25.904289565217393
2020-02-28,22.818925744680854
2020-02-29,10.455357804347827
2020-03-01,9.407937829787233
2020-03-02,22.34406036170213
2020-03-03,23.713538127659575
2020-03-04,19.24949823404255
2020-03-05,20.279749487804878
2020-03-06,17.89410093617021
2020-03-07,15.314148934782608
2020-03-08,9.249387617021277
2020-03-09,21.129165702127658
2020-03-10,13.654871468085107
2020-03-11,10.647919066666667
2020-03-12,9.05435614893617
2020-03-13,11.702539787234041
2020-03-14,11.53594708695652
2020-03-15,6.379411510638297
2020-03-16,16.896908063829787
2020-03-17,13.995178574468087
2020-03-18,12.789776319148936
2020-03-19,12.230544914893617
2020-03-20,8.35031085106383
2020-03-21,4.9560163260869565
2020-03-22,6.780030808510639
2020-03-23,9.094709638297871
2020-03-24,10.31866070212766
2020-03-25,11.959659617021277
2020-03-26,18.688001425531915
2020-03-27,17.92774885106383
2020-03-28,10.80434195652174
2020-03-29,4.456011404255319
2020-03-30,10.313505042553192
2020-03-31,11.525224574468085
2020-04-01,7.824414021276596
2020-04-02,7.655464510638297
2020-04-03,6.028755531914894
2020-04-04,8.830158391304348
2020-04-05,10.504026765957446
2020-04-06,13.023829255319148
2020-04-07,13.329869063829786
2020-04-08,17.638295489361703
2020-04-09,6.526282659574467
2020-04-10,8.11848297826087
2020-04-11,8.733928586956521
2020-04-12,6.21348359574468
2020-04-13,3.9538308510638296
2020-04-14,8.662953617021277
2020-04-15,5.798965127659574
2020-04-16,8.826428234042554
2020-04-17,13.680974808510637
2020-04-18,8.174686260869565
2020-04-19,10.80635940425532
2020-04-20,16.837686
2020-04-21,16.707912021276595
2020-04-22,20.761173574468085
2020-04-23,25.203575765957446
2020-04-24,12.707592468085107
2020-04-25,6.725020739130435
2020-04-26,6.860540361702128
2020-04-27,15.171730191489361
2020-04-28,10.812140085106384
2020-04-29,11.992132021276596
2020-04-30,15.664162829787234
2020-05-01,17.710104869565217
2020-05-02,11.300146340425533
2020-05-03,5.87573285106383
2020-05-04,11.461164340425531
2020-05-05,9.486102042553192
2020-05-06,9.837665425531915
2020-05-07,12.472039574468086
2020-05-08,7.805149847826088
2020-05-09,12.268522510638297
2020-05-10,8.374749297872341
2020-05-11,6.595723595744681
2020-05-12,10.222494255319148
2020-05-13,12.151481574468086
2020-05-14,10.608280808510639
2020-05-15,8.315897695652174
2020-05-16,3.7769972765957442
2020-05-17,3.355696425531915
2020-05-18,12.083375914893617
2020-05-19,10.34377225531915
2020-05-20,17.589098829787233
2020-05-21,10.279735042553192
2020-05-22,8.502657130434782
2020-05-23,7.163436276595745
2020-05-24,5.900413617021276
2020-05-25,11.278128127659576
2020-05-26,16.088949468085104
2020-05-27,14.30696659574468
2020-05-28,15.224617212765958
2020-05-29,16.93207591304348
2020-05-30,13.490756382978724
2020-05-31,9.528476723404255
2020-06-01,11.540374276595745
2020-06-02,15.29961095744681
2020-06-03,11.056507212765958
2020-06-04,12.077187319148935
2020-06-05,7.9425893260869564
2020-06-06,7.851359063829787
2020-06-07,9.299335063829789
2020-06-08,19.210566680851063
2020-06-09,17.35778114893617
2020-06-10,13.394457148936171
2020-06-11,13.830940531914894
2020-06-12,16.334580673913045
2020-06-13,8.531581297872341
2020-06-14,9.040305340425533
2020-06-15,16.716099063829787
2020-06-16,16.6732175106383
2020-06-17,14.77180510638298
2020-06-18,17.93308829787234
2020-06-19,18.11608565217391
2020-06-20,9.339553787234042
2020-06-21,7.833007914893616
2020-06-22,12.649088723404255
2020-06-23,12.496484739130436
2020-06-24,19.425974489361703
2020-06-25,23.6629055106383
2020-06-26,18.367561595744682
2020-06-27,15.163126468085107
2020-06-28,10.237725782608695
2020-06-29,10.81438489361702
2020-06-30,9.59335729787234
2020-07-01,11.184573744680852
2020-07-02,10.857163425531915
2020-07-03,11.87850029787234
2020-07-04,8.422345787234043
2020-07-05,5.013450217391304
2020-07-06,6.388159638297872
2020-07-07,8.854313551063829
2020-07-08,8.172303765957446
2020-07-09,11.825398659574468
2020-07-10,22.07229204255319
2020-07-11,4.725833914893617
2020-07-12,4.345738326086956
2020-07-13,9.883587063829788
2020-07-14,14.411117808510639
2020-07-15,13.091440216216217
2020-07-16,10.699570195652173
2020-07-17,15.636522869565216
2020-07-18,12.221458978723405
2020-07-19,10.785713
2020-07-20,8.6583395
2020-07-21,6.493488896551724
2020-07-22,7.516628574468085
2020-07-23,9.213201276595745
2020-07-24,9.887124212765958
2020-07-25,7.989764702127659
2020-07-26,8.278545978260869
2020-07-27,9.629332234042554
2020-07-28,9.100501021276596
2020-07-29,7.304497872340425
2020-07-30,7.216021340425532
2020-07-31,16.393107975
2020-08-01,13.035808543478261
2020-08-02,8.556046723404254
2020-08-03,11.515484276595744
2020-08-04,12.258243765957447
2020-08-05,16.13896389361702
2020-08-06,22.834778936170213
2020-08-07,22.871181829787233
2020-08-08,18.450383391304346
2020-08-09,12.185539234042553
2020-08-10,20.606676936170214
2020-08-11,13.688165574468085
2020-08-12,11.915885978723404
2020-08-13,17.267212978723403
2020-08-14,29.09049265957447
2020-08-15,26.71067656521739
2020-08-16,22.519992659574466
2020-08-17,22.73341706382979
2020-08-18,18.864119787234042
2020-08-19,21.149105872340424
2020-08-20,17.563420170212765
2020-08-21,21.170184191489362
2020-08-22,11.343173347826086
2020-08-23,7.519760021276595
2020-08-24,13.584146468085105
2020-08-25,12.639009808510638
2020-08-26,12.496440723404255
2020-08-27,18.271742382978722
2020-08-28,19.78860708510638
2020-08-29,23.868535260869567
2020-08-30,16.200083680851066
2020-08-31,11.552805276595745
2020-09-01,17.021172978723406
2020-09-02,12.598873319148938
2020-09-03,13.919181872340426
2020-09-04,14.738328063829787
2020-09-05,9.946949152173913
2020-09-06,7.208213893617021
2020-09-07,11.983677787234042
2020-09-08,12.19893570212766
2020-09-09,11.348215319148936
2020-09-10,13.174220782978724
2020-09-11,22.54276510638298
2020-09-12,11.16784402173913
2020-09-13,8.350636127659575
2020-09-14,22.64658478723404
2020-09-15,29.995765531914895
2020-09-16,17.878511017021275
2020-09-17,12.874625306382978
2020-09-18,20.82623959574468
2020-09-19,17.126955217391302
2020-09-20,14.919215808510637
2020-09-21,19.79779608510638
2020-09-22,28.842410256410258
2020-09-23,24.88523404255319
2020-09-24,19.31336144680851
2020-09-25,21.230018382978724
2020-09-26,10.507457276595744
2020-09-27,10.378833282608696
2020-09-28,14.350296232558138
2020-09-29,20.640116021276597
2020-09-30,19.246699978723406
2020-10-01,14.943253531914893
2020-10-02,12.731106595744683
2020-10-03,7.757505184210526
2020-10-04,10.38480014893617
2020-10-05,20.06016185106383
2020-10-06,14.583735531914893
2020-10-07,15.44069152173913
2020-10-08,13.40544095744681
2020-10-09,13.938866063829787
2020-10-10,12.42832464516129
2020-10-11,
2020-10-12,26.51909148148148
2020-10-13,24.905444787234043
2020-10-14,4.075059421276596
2020-10-15,7.060143449999999
2020-10-16,16.058079173913043
2020-10-17,15.158717673913044
2020-10-18,12.074174765957448
2020-10-19,25.67703685106383
2020-10-20,12.01118459574468
2020-10-21,13.806030723404254
2020-10-22,12.549594872340426
2020-10-23,17.88198059574468
2020-10-24,11.883377478260869
2020-10-25,7.963518446808511
2020-10-26,15.081906851063831
2020-10-27,13.371677255319149
2020-10-28,12.634350446808511
2020-10-29,19.644525914893617
2020-10-30,20.484222808510637
2020-10-31,13.949531704545455
2020-11-01,
2020-11-02,10.75026053846154
2020-11-03,15.622688191489361
2020-11-04,12.159352851063831
2020-11-05,9.948930446808511
2020-11-06,17.192919017391304
2020-11-07,16.742955425531914
2020-11-08,17.14374270212766
2020-11-09,15.07728910638298
2020-11-10,12.672620589743591
2020-11-11,11.411584787234041
2020-11-12,14.717390914893617
2020-11-13,20.51637917391304
2020-11-14,17.98944674468085
2020-11-15,9.770796234042553
2020-11-16,13.428445382978724
2020-11-17,14.276630217391306
2020-11-18,12.69731359574468
2020-11-19,10.82386974468085
2020-11-20,19.888589340425533
2020-11-21,9.838718808510638
2020-11-22,6.142118934782609
2020-11-23,11.181620808510637
2020-11-24,16.394729361702126
2020-11-25,16.869719425531915
2020-11-26,18.107435808510637
2020-11-27,23.12215671111111
2020-11-28,12.851247521739129
2020-11-29,9.527320914893616
2020-11-30,18.015831914893617
2020-12-01,18.48501059574468
2020-12-02,16.136702212765957
2020-12-03,11.602687085106382
2020-12-04,15.806866574468085
2020-12-05,13.98910606521739
2020-12-06,12.928548
2020-12-07,12.381389787234044
2020-12-08,15.360017361702129
2020-12-09,12.87708355319149
2020-12-10,15.367170468085106
2020-12-11,13.279480212765957
2020-12-12,13.194683739130436
2020-12-13,12.917430361702127
2020-12-14,10.621633085106383
2020-12-15,13.452150851063829
2020-12-16,22.584039680851063
2020-12-17,13.364310170212766
2020-12-18,15.749811382978724
2020-12-19,10.747071152173913
2020-12-20,10.204153978723404
2020-12-21,14.570462936170214
2020-12-22,10.359048999999999
2020-12-23,25.362766191489364
2020-12-24,10.177120765957447
2020-12-25,12.466394723404257
2020-12-26,9.387088510638298
2020-12-27,3.0147637608695654
2020-12-28,8.436048255319148
2020-12-29,11.446724914893618
2020-12-30,9.545423510638297
2020-12-31,8.823964042553191
2021-01-01,9.965809340425531
2021-01-02,13.433030914893616
2021-01-03,6.235425934782609
2021-01-04,7.5979215531914885
2021-01-05,7.458104382978724
2021-01-06,7.015339914893617
2021-01-07,8.9839842
2021-01-08,10.285205173913043
2021-01-09,9.674388340425532
2021-01-10,9.366328531914894
2021-01-11,12.737316121951219
2021-01-12,17.021966170212767
2021-01-13,13.144941948936172
2021-01-14,6.532246042553191
2021-01-15,11.496822239130436
2021-01-16,15.18655544680851
2021-01-17,21.63666244680851
2021-01-18,16.233130680851062
2021-01-19,16.94337575
2021-01-20,15.517858063829788
2021-01-21,10.240535595744682
2021-01-22,10.603129478260868
2021-01-23,14.158134680851063
2021-01-24,17.756113829787235
2021-01-25,22.027289574468085
2021-01-26,16.681974085106383
2021-01-27,21.53012958695652
2021-01-28,12.568208608695652
2021-01-29,15.768676021276598
2021-01-30,11.344210787234042
2021-01-31,19.40646131904762
2021-02-01,19.907203361702127
2021-02-02,19.794108282608697
2021-02-03,13.275766829787235
2021-02-04,15.001249744680852
2021-02-05,15.11585270212766
2021-02-06,10.340478234042553
2021-02-07,7.707045608695652
2021-02-08,9.567371425531915
2021-02-09,7.425622557446808
2021-02-10,8.699060774468085
2021-02-11,10.169415914893618
2021-02-12,16.048266574468084
2021-02-13,17.813291717391305
2021-02-14,19.343211212765958
2021-02-15,15.379069510638299
2021-02-16,17.221010071428573
2021-02-17,18.98251336170213
2021-02-18,15.24816695744681
2021-02-19,17.40787474468085
2021-02-20,15.27769702173913
2021-02-21,20.354561489361704
2021-02-22,23.873818723404252
2021-02-23,27.37590425531915
2021-02-24,20.32253489361702
2021-02-25,19.002486319148936
2021-02-26,8.556072680851065
2021-02-27,12.692304326086957
2021-02-28,9.486111234042552
2021-03-01,23.253451978723405
2021-03-02,17.078602872340426
2021-03-03,19.046822340425532
2021-03-04,11.132602914893617
2021-03-05,19.309279212765958
2021-03-06,12.379543565217393
2021-03-07,7.413468591489361
2021-03-08,21.240481978723402
2021-03-09,28.760452978723404
2021-03-10,19.19660659574468
2021-03-11,8.224739170212766
2021-03-12,8.667534734042553
2021-03-13,9.330562891304348
2021-03-14,6.702927489361702
2021-03-15,17.356021021276597
2021-03-16,19.408905851063828
2021-03-17,19.399058489361703
2021-03-18,15.392844531914895
2021-03-19,11.37242014893617
2021-03-20,8.738991869565217
2021-03-21,6.120001812765957
2021-03-22,12.70247510638298
2021-03-23,12.155656446808509
2021-03-24,17.294729787234044
2021-03-25,17.241275468085107
2021-03-26,16.643372659574467
2021-03-27,11.685598195652174
2021-03-28,7.920925191489362
2021-03-29,10.718687574468085
2021-03-30,13.379822659574469
2021-03-31,31.10935974468085
2021-04-01,11.51224119148936
2021-04-02,5.84862814893617
2021-04-03,6.828982956521739
2021-04-04,7.753147914893616
2021-04-05,3.609552561702128
2021-04-06,11.891818914893616
2021-04-07,8.807639829787234
2021-04-08,9.103843914893618
2021-04-09,9.559427702127659
2021-04-10,9.822530586956521
2021-04-11,11.385570340425533
2021-04-12,9.422682340425531
2021-04-13,11.078122659574468
2021-04-14,12.363804638297873
2021-04-15,12.867859808510637
2021-04-16,9.541423553191489
2021-04-17,15.206339869565216
2021-04-18,16.18496955319149
2021-04-19,21.919657829787234
2021-04-20,19.49284985106383
2021-04-21,8.581518468085106
2021-04-22,7.308101776595744
2021-04-23,11.336205489361701
2021-04-24,7.312480304347827
2021-04-25,5.827366510638298
2021-04-26,14.874453595744681
2021-04-27,16.803694382978723
2021-04-28,19.04864936170213
2021-04-29,15.740083024390243
2021-04-30,3.316417833333333
2021-05-01,
2021-05-02,
2021-05-03,18.708067648648647
2021-05-04,10.85279455319149
2021-05-05,12.005978023404255
2021-05-06,9.76761024680851
2021-05-07,13.133931086956522
2021-05-08,8.084567787234043
2021-05-09,9.110343170212765
2021-05-10,14.533421063829786
2021-05-11,9.136924630434782
2021-05-12,12.515970276595743
2021-05-13,8.933087765957447
2021-05-14,19.377796999999997
2021-05-15,10.434294085106382
2021-05-16,11.076346847826088
2021-05-17,13.86685140425532
2021-05-18,15.322996340425533
2021-05-19,12.203387234042554
2021-05-20,11.066983659574468
2021-05-21,16.050452936170213
2021-05-22,6.845114065217391
2021-05-23,7.075676276595744
2021-05-24,9.892392255319148
2021-05-25,19.13199585106383
2021-05-26,13.599665276595744
2021-05-27,15.687065574468086
2021-05-28,14.104024319148936
2021-05-29,10.250819173913044
2021-05-30,14.689211595744682
2021-05-31,18.721279276595745
2021-06-01,11.335013361702128
2021-06-02,16.103892021276597
2021-06-03,15.056118425531915
2021-06-04,22.035559021276597
2021-06-05,17.931046695652174
2021-06-06,17.466639
2021-06-07,15.137714638297872
2021-06-08,11.604303978723404
2021-06-09,13.405588127659573
2021-06-10,18.98008123404255
2021-06-11,16.331070680851063
2021-06-12,4.597257543478261
2021-06-13,4.885721182978723
2021-06-14,11.83335554347826
2021-06-15,11.970027255319149
2021-06-16,12.684915680851065
2021-06-17,17.931968574468083
2021-06-18,21.741456239130436
2021-06-19,12.649630085106383
2021-06-20,10.441729804347826
2021-06-21,10.599180617021277
2021-06-22,10.122490936170212
2021-06-23,13.50078344680851
2021-06-24,18.27320229787234
2021-06-25,17.81548885106383
2021-06-26,15.19807465957447
2021-06-27,12.40488254347826
2021-06-28,15.317117319148934
2021-06-29,23.266323638297873
2021-06-30,11.152221297872341
2021-07-01,7.6686619361702135
2021-07-02,19.42737580851064
2021-07-03,9.825133319148936
2021-07-04,11.277660630434783
2021-07-05,14.199714425531914
2021-07-06,16.115573680851064
2021-07-07,13.671563765957446
2021-07-08,12.241542872340426
2021-07-09,12.448569523809525
2021-07-10,9.031090531914893
2021-07-11,10.725262956521739
2021-07-12,15.456880063829786
2021-07-13,17.143055489361704
2021-07-14,20.54396063829787
2021-07-15,18.504751340425532
2021-07-16,16.24113019148936
2021-07-17,6.879648382978724
2021-07-18,3.728782130434783
2021-07-19,9.50338385106383
2021-07-20,6.127907375
2021-07-21,9.730790361702129
2021-07-22,12.00942589361702
2021-07-23,15.454552723404255
2021-07-24,11.426248595744681
2021-07-25,7.449383847826087
2021-07-26,15.904295425531915
2021-07-27,14.565389382978724
2021-07-28,11.783711586956523
2021-07-29,7.583210978723404
2021-07-30,8.435101744680852
2021-07-31,9.87176770212766
2021-08-01,6.1705936382978726
2021-08-02,8.934740382978724
2021-08-03,12.9140854375
2021-08-04,16.04712589361702
2021-08-05,17.28973455319149
2021-08-06,13.399093765957446
2021-08-07,11.704288893617022
2021-08-08,8.33479393478261
2021-08-09,12.740255680851064
2021-08-10,16.07206415909091
2021-08-11,13.370402638297872
2021-08-12,13.994174063829787
2021-08-13,16.15319019148936
2021-08-14,9.248233446808511
2021-08-15,7.735481217391304
2021-08-16,14.746255191489361
2021-08-17,13.14888374468085
2021-08-18,7.441121242553192
2021-08-19,8.978358508510638
2021-08-20,13.735199234042552
2021-08-21,16.12701704255319
2021-08-22,23.124643173913046
2021-08-23,23.78140336170213
2021-08-24,23.10542219148936
2021-08-25,11.931218680851064
2021-08-26,7.97060970212766
2021-08-27,8.419448442553191
2021-08-28,4.717575297872341
2021-08-29,4.544094434782608
2021-08-30,8.982918191489363
2021-08-31,13.42940495744681
2021-09-01,18.109831127659575
2021-09-02,20.086282936170214
2021-09-03,15.077478829787236
2021-09-04,15.826741574468086
2021-09-05,14.405305065217393
2021-09-06,18.4813804893617
2021-09-07,23.48326063829787
2021-09-08,23.384089212765957
2021-09-09,24.624493808510636
2021-09-10,28.803177808510636
2021-09-11,17.01245425531915
2021-09-12,6.995675413043478
2021-09-13,14.309298978723405
2021-09-14,17.83100610638298
2021-09-15,17.286211170212766
2021-09-16,16.414826128205128
2021-09-17,13.042596872340427
2021-09-18,11.58552444680851
2021-09-19,9.292711673913043
2021-09-20,15.099629425531916
2021-09-21,21.41605365957447
2021-09-22,16.561238
2021-09-23,10.944994021276596
2021-09-24,11.289008957446809
2021-09-25,13.589074638297872
2021-09-26,19.94945639130435
2021-09-27,13.902278595744681
2021-09-28,21.261723170212765
2021-09-29,21.181109276595745
2021-09-30,13.097756510638298
2021-10-01,8.935463021276597
2021-10-02,11.850584170212764
2021-10-03,7.127136434782608
2021-10-04,15.914278148936171
2021-10-05,20.144278106382977
2021-10-06,17.138988574468087
2021-10-07,21.19959074468085
2021-10-08,22.286345085106387
2021-10-09,19.05251991304348
2021-10-10,12.967944212765957
2021-10-11,14.015592787234041
2021-10-12,18.288323574468084
2021-10-13,20.056206425531915
2021-10-14,16.91051591489362
2021-10-15,15.246460276595744
2021-10-16,10.625824347826086
2021-10-17,11.942122510638297
2021-10-18,22.21085935
2021-10-19,12.663779170212766
2021-10-20,12.414728595744682
2021-10-21,13.153435234042552
2021-10-22,9.964521367391304
2021-10-23,15.12075685106383
2021-10-24,13.14198289361702
2021-10-25,16.58623504255319
2021-10-26,18.359234
2021-10-27,14.721284191489362
2021-10-28,13.010401042553191
2021-10-29,15.418732934782609
2021-10-30,14.794635255319148
2021-10-31,11.865602382978723
2021-11-01,13.836196085106382
2021-11-02,21.292264787234043
2021-11-03,27.478804276595746
2021-11-04,14.893741765957447
2021-11-05,11.506179304347826
2021-11-06,8.92742870212766
2021-11-07,9.183608510638297
2021-11-08,15.558099021276595
2021-11-09,11.655553659574467
2021-11-10,17.814210170212768
2021-11-11,19.05658391489362
2021-11-12,18.831460195652173
2021-11-13,13.65408574468085
2021-11-14,11.843269106382978
2021-11-15,17.338987319148938
2021-11-16,18.066142468085108
2021-11-17,14.248600787234041
2021-11-18,14.895855680851065
2021-11-19,6.050031349999999
2021-11-20,5.53642225319149
2021-11-21,5.1866468085106385
2021-11-22,21.377326
2021-11-23,17.103290436170212
2021-11-24,14.512172382978722
2021-11-25,14.760261085106382
2021-11-26,20.713568260869565
2021-11-27,13.85411514893617
2021-11-28,12.681426553191491
2021-11-29,17.07314855319149
2021-11-30,16.41582844680851
2021-12-01,16.036340063829787
2021-12-02,17.16689229787234
2021-12-03,20.732721869565218
2021-12-04,14.800819
2021-12-05,7.965756319148936
2021-12-06,13.357678404255319
2021-12-07,12.608876787234042
2021-12-08,10.728681872340426
2021-12-09,15.360822680851063
2021-12-10,17.554137304347826
2021-12-11,17.059323695652175
2021-12-12,12.989413
2021-12-13,17.11429953191489
2021-12-14,19.97921289361702
2021-12-15,11.116751063829787
2021-12-16,11.379455106382979
2021-12-17,13.712253978723405
2021-12-18,8.679763747826087
2021-12-19,5.431657617021276
2021-12-20,19.87501895744681
2021-12-21,20.217838170212765
2021-12-22,18.697813638297873
2021-12-23,18.57919489361702
2021-12-24,7.891110319148936
2021-12-25,14.310606804347826
2021-12-26,14.106757042553191
2021-12-27,12.046187837209303
2021-12-28,11.116700829787233
2021-12-29,15.101765214285715
2021-12-30,13.119570478260869
2021-12-31,7.3964556521739135
2022-01-01,8.782598765957447
2022-01-02,8.69216025531915
2022-01-03,11.0630744
2022-01-04,18.335191617021277
2022-01-05,10.530717297872341
2022-01-06,18.611456859574467
2022-01-07,12.540673565217391
2022-01-08,8.950594382978723
2022-01-09,6.992156340425532
2022-01-10,14.512616765957446
2022-01-11,11.238961638297871
2022-01-12,12.661892680851064
2022-01-13,4.697593568085106
2022-01-14,8.255248586956522
2022-01-15,15.098152957446809
2022-01-16,7.325993710638298
2022-01-17,8.996457517276596
2022-01-18,17.40298323404255
2022-01-19,9.851440374468085
2022-01-20,7.829539374468085
2022-01-21,13.727848999999999
2022-01-22,15.104516148936169
2022-01-23,8.303890559574468
2022-01-24,8.937735042553191
2022-01-25,13.47215215106383
2022-01-26,6.927055387234042
2022-01-27,4.9668927638297875
2022-01-28,12.173162686956521
2022-01-29,4.152163327659575
2022-01-30,3.4194236425531916
2022-01-31,23.176595021276597
2022-02-01,14.02364144680851
2022-02-02,15.036495723404254
2022-02-03,16.364242
2022-02-04,11.278201826086956
2022-02-05,5.702155255319149
2022-02-06,8.479945680851065
2022-02-07,7.245394873170732
2022-02-08,9.18791895744681
2022-02-09,11.628540361702127
2022-02-10,13.390883765957447
2022-02-11,15.530378826086956
2022-02-12,9.160173382978723
2022-02-13,8.086609319148938
2022-02-14,10.281750829787233
2022-02-15,9.021488723404255
2022-02-16,10.850881148936171
2022-02-17,4.822095461463415
2022-02-18,9.310281280434783
2022-02-19,4.67080454893617
2022-02-20,5.503151921276596
2022-02-21,5.334993212765957
2022-02-22,12.841341521739132
2022-02-23,8.115367521276596
2022-02-24,10.609542446808511
2022-02-25,12.078128941304348
2022-02-26,18.974874361702128
2022-02-27,13.870032382978724
2022-02-28,13.84096295744681
2022-03-01,11.941037340425531
2022-03-02,21.071784891304347
2022-03-03,13.983019914893617
2022-03-04,24.792513914893618
2022-03-05,20.205403617021275
2022-03-06,14.344038382978724
2022-03-07,22.076003425531916
2022-03-08,24.06125002173913
2022-03-09,19.789143723404255
2022-03-10,11.381110340425533
2022-03-11,9.962903510638297
2022-03-12,10.396252808510638
2022-03-13,10.685836340425531
2022-03-14,17.48258680851064
2022-03-15,20.663139434782607
2022-03-16,14.956793978723406
2022-03-17,13.325087361702126
2022-03-18,14.706335695652173
2022-03-19,14.290542382978723
2022-03-20,10.543712936170213
2022-03-21,15.743296680851063
2022-03-22,26.650359170212766
2022-03-23,28.20622425531915
2022-03-24,29.36097234042553
2022-03-25,13.069775195652173
2022-03-26,8.820534659574468
2022-03-27,11.766528042553192
2022-03-28,7.134343914893617
2022-03-29,11.871193638297873
2022-03-30,15.354834106382977
2022-03-31,16.747172680851065
2022-04-01,16.94590039130435
2022-04-02,10.943064723404255
2022-04-03,7.502048531914893
2022-04-04,7.440024478723404
2022-04-05,8.905884744680852
2022-04-06,13.877560723404256
2022-04-07,11.421351325
2022-04-08,9.149499861111112
2022-04-09,3.6578900217391306
2022-04-10,3.135390506382979
2022-04-11,9.21311850212766
2022-04-12,20.272873382978723
2022-04-13,15.412140510638297
2022-04-14,11.105065765957447
2022-04-15,11.814632021276594
2022-04-16,13.216559108695652
2022-04-17,11.589137212765957
2022-04-18,14.468744680851064
2022-04-19,17.980020536585364
2022-04-20,12.13699391304348
2022-04-21,11.898815170212767
2022-04-22,11.365634234042552
2022-04-23,13.394148851063829
2022-04-24,15.346676872340426
2022-04-25,11.633038108108108
2022-04-26,16.187275673913042
2022-04-27,13.680388340425532
2022-04-28,13.969213914893617
2022-04-29,14.721077510638297
2022-04-30,14.014480574468086
2022-05-01,17.97638489361702
2022-05-02,14.516953361702129
2022-05-03,14.703261369565217
2022-05-04,11.941487787234042
2022-05-05,13.128223914893617
2022-05-06,12.880892127659575
2022-05-07,9.477468829787234
2022-05-08,10.276597914893618
2022-05-09,7.978195255319148
2022-05-10,13.197049727272729
2022-05-11,12.958398510638297
2022-05-12,8.823616914893616
2022-05-13,7.989893361702128
2022-05-14,6.021099434782609
2022-05-15,6.5279759148936165
2022-05-16,18.881237425531918
2022-05-17,13.835782043478261
2022-05-18,11.79356840425532
2022-05-19,20.318935957446808
2022-05-20,16.881557891304347
2022-05-21,9.773160787234042
2022-05-22,12.887625489361701
2022-05-23,11.787321319148935
2022-05-24,12.870624978723404
2022-05-25,11.00925840425532
2022-05-26,4.48877585106383
2022-05-27,5.017384413043478
2022-05-28,6.673349914893617
2022-05-29,8.82380144680851
2022-05-30,15.926813617021278
2022-05-31,15.487621255319148
2022-06-01,17.58250544680851
2022-06-02,9.26223425531915
2022-06-03,14.66071902173913
2022-06-04,19.36811059574468
2022-06-05,13.356185063829786
2022-06-06,10.511103319148937
2022-06-07,14.857292361702127
2022-06-08,14.768525425531914
2022-06-09,15.90346419148936
2022-06-10,11.650615326086957
2022-06-11,8.94946585106383
2022-06-12,7.658479
2022-06-13,8.277477723404255
2022-06-14,8.371481574468085
2022-06-15,10.135565893617022
2022-06-16,11.23154385106383
2022-06-17,11.055471608695653
2022-06-18,9.390613340425533
2022-06-19,11.267861
2022-06-20,16.250712957446808
2022-06-21,8.338633914893617
2022-06-22,9.795213276595744
2022-06-23,12.155177936170213
2022-06-24,19.249730152173914
2022-06-25,16.147488531914895
2022-06-26,12.876204574468085
2022-06-27,16.937992319148936
2022-06-28,8.45115585106383
2022-06-29,10.19034840425532
2022-06-30,8.59315644680851
2022-07-01,9.860645543478261
2022-07-02,5.901761978723404
2022-07-03,7.77301729787234
2022-07-04,7.688198680851063
2022-07-05,7.224993297872341
2022-07-06,7.005049787234043
2022-07-07,7.208169787234042
2022-07-08,6.840844543478261
2022-07-09,3.7627834468085104
2022-07-10,4.307475936170213
2022-07-11,7.84122759574468
2022-07-12,6.951359042553192
2022-07-13,6.549418617021277
2022-07-14,4.554826127659575
2022-07-15,5.0909598
2022-07-16,4.677463085106383
2022-07-17,3.967481276595745
2022-07-18,10.46776374468085
2022-07-19,18.415406170212766
2022-07-20,22.437575914893618
2022-07-21,14.383846787234042
2022-07-22,6.463747628571428
2022-07-23,5.279828891304348
2022-07-24,6.396131489361702
2022-07-25,13.780034276595744
2022-07-26,5.1279358297872335
2022-07-27,4.910268976595744
2022-07-28,10.330332021276595
2022-07-29,11.971708723404255
2022-07-30,9.339519652173914
2022-07-31,7.392549680851064
2022-08-01,11.700701021276595
2022-08-02,9.11372455319149
2022-08-03,13.252047808510637
2022-08-04,16.275394794871797
2022-08-05,11.182210086956522
2022-08-06,5.690435574468085
2022-08-07,8.28476485106383
2022-08-08,16.69421295744681
2022-08-09,18.821870914893616
2022-08-10,14.85275085106383
2022-08-11,17.15594170212766
2022-08-12,23.90611041304348
2022-08-13,20.00681425531915
2022-08-14,15.242582680851063
2022-08-15,13.588016361702127
2022-08-16,13.55025529787234
2022-08-17,27.637071765957447
2022-08-18,21.31039961702128
2022-08-19,22.0138885
2022-08-20,12.729842255319149
2022-08-21,12.643171170212767
2022-08-22,19.08655604255319
2022-08-23,19.47832874468085
2022-08-24,16.774730319148937
2022-08-25,14.119488574468084
2022-08-26,16.914013195652174
2022-08-27,14.080042127659574
2022-08-28,7.758501829787234
2022-08-29,6.7746303829787236
2022-08-30,10.201818978723404
2022-08-31,11.065554702127658
2022-09-01,18.097262021276595
2022-09-02,16.721744130434782
2022-09-03,11.36732085106383
2022-09-04,9.37134989361702
2022-09-05,11.595707468085106
2022-09-06,11.541407571428572
2022-09-07,12.865936119999999
2022-09-08,9.28136585106383
2022-09-09,14.601785978723404
2022-09-10,10.142375723404255
2022-09-11,9.96331255319149
2022-09-12,13.912702872340425
2022-09-13,8.70987045652174
2022-09-14,9.165144259574468
2022-09-15,8.419675510638298
2022-09-16,12.067593717021277
2022-09-17,10.170086934782608
2022-09-18,9.872553425531915
2022-09-19,11.797071638297872
2022-09-20,12.82329085106383
2022-09-21,25.12920997674419
2022-09-22,20.380865857142854
2022-09-23,15.842955326086956
2022-09-24,15.456951723404254
2022-09-25,14.467663319148937
2022-09-26,11.02176844680851
2022-09-27,14.095380319148937
2022-09-28,15.379422191489363
2022-09-29,14.82733559574468
2022-09-30,13.481418913043479
2022-10-01,9.53549825531915
2022-10-02,6.51510940425532
2022-10-03,10.48934759574468
2022-10-04,12.166543829787233
2022-10-05,12.72356480851064
2022-10-06,7.7367139787234045
2022-10-07,10.601419847826088
2022-10-08,7.823995319148936
2022-10-09,9.040137234042554
2022-10-10,6.48176014893617
2022-10-11,10.424874738297872
2022-10-12,14.782111234042553
2022-10-13,13.89392510638298
2022-10-14,16.16453691304348
2022-10-15,10.17281255319149
2022-10-16,8.898808340425532
2022-10-17,18.324239829787235
2022-10-18,10.058874595744681
2022-10-19,15.15994340425532
2022-10-20,16.215298949999998
2022-10-21,14.034284804347825
2022-10-22,13.872943891304349
2022-10-23,10.822471170212765
2022-10-24,10.373837234042554
2022-10-25,11.672796404255319
2022-10-26,15.018314042553191
2022-10-27,16.712349510638298
2022-10-28,17.131706319148936
2022-10-29,11.208221787234043
2022-10-30,16.109005652173913
2022-10-31,19.27765055319149
2022-11-01,14.054956276595744
2022-11-02,12.391958212765958
2022-11-03,9.420314340425533
2022-11-04,14.297779085106384
2022-11-05,11.77147480851064
2022-11-06,6.648180304347827
2022-11-07,9.37691210638298
2022-11-08,10.018121872340425
2022-11-09,11.31171414893617
2022-11-10,12.027864127659575
2022-11-11,9.995060022727273
2022-11-12,9.733763652173913
2022-11-13,11.176164893617022
2022-11-14,10.294334212765957
2022-11-15,10.995746489361702
2022-11-16,6.724498787234043
2022-11-17,6.8133354936170205
2022-11-18,12.120323134042552
2022-11-19,5.236038930434782
2022-11-20,11.954249212765957
2022-11-21,16.14380725531915
2022-11-22,9.529244638297873
2022-11-23,11.495250382978725
2022-11-24,14.884037829787234
2022-11-25,14.805534382978722
2022-11-26,12.497418630434783
2022-11-27,8.463196936170213
2022-11-28,9.30053180851064
2022-11-29,10.683427
2022-11-30,14.846555638297872
2022-12-01,14.847086063829787
2022-12-02,13.256214425531914
2022-12-03,10.83190997826087
2022-12-04,7.804841063829787
2022-12-05,8.647576319148936
2022-12-06,14.185242574468086
2022-12-07,18.318775063829786
2022-12-08,34.15930036170212
2022-12-09,14.833298276595745
2022-12-10,14.772702739130434
2022-12-11,8.680254191489361
2022-12-12,14.42397870212766
2022-12-13,15.06804140425532
2022-12-14,16.86318144680851
2022-12-15,22.885480212765955
2022-12-16,29.755183468085107
2022-12-17,26.85319152173913
2022-12-18,11.614639978723403
2022-12-19,9.601126234042553
2022-12-20,14.210180872340427
2022-12-21,15.093387085106382
2022-12-22,15.606875021276597
2022-12-23,12.483162063829788
2022-12-24,9.669282369565218
2022-12-25,5.890100021276596
2022-12-26,7.53716770212766
2022-12-27,8.37428589574468
2022-12-28,7.922709978723404
2022-12-29,6.651355063829787
2022-12-30,6.190713744680851
2022-12-31,8.779788282608695
2023-01-01,5.757049004255319
2023-01-02,10.492965095744681
2023-01-03,11.448368674468087
2023-01-04,8.806731425531915
2023-01-05,8.968638163042554
2023-01-06,11.371142497872341
2023-01-07,8.10658945652174
2023-01-08,6.894647382978723
2023-01-09,14.748683489361703
2023-01-10,13.346612106382977
2023-01-11,11.54334525531915
2023-01-12,10.206094765957447
2023-01-13,7.4984163617021276
2023-01-14,4.2555394456521745
2023-01-15,2.805590868085106
2023-01-16,8.361834263829786
2023-01-17,9.590311361702128
2023-01-18,12.829406425531916
2023-01-19,10.285792744680851
2023-01-20,22.425849391304347
2023-01-21,7.964125999999999
2023-01-22,7.938702109148936
2023-01-23,15.230691872340426
2023-01-24,12.65764986170213
2023-01-25,11.043297808510637
2023-01-26,9.953095475609755
2023-01-27,20.16676315
2023-01-28,15.357616340425531
2023-01-29,4.285321306382979
2023-01-30,5.160436859148936
2023-01-31,10.271875066059573
2023-02-01,7.22281096893617
2023-02-02,15.540753385106383
2023-02-03,8.075181152173913
2023-02-04,10.510246680851063
2023-02-05,7.781936234042553
2023-02-06,16.771333978723405
2023-02-07,16.70455991489362
2023-02-08,15.028840468085106
2023-02-09,15.185285340425532
2023-02-10,9.774811108695651
2023-02-11,7.706961468085106
2023-02-12,6.280344021276596
2023-02-13,9.40977014893617
2023-02-14,12.266255243243243
2023-02-15,11.735434782608696
2023-02-16,17.637272727272727
2023-02-17,6.948936170212766
2023-02-18,6.093829787234042
2023-02-19,6.536849191489362
2023-02-20,5.148568872340425
2023-02-21,11.951497937173913
2023-02-22,12.180172340425534
2023-02-23,10.984556558139536
2023-02-24,12.556500680851064
2023-02-25,1.8140968106382978
2023-02-26,6.945950645652174
2023-02-27,21.58591606382979
2023-02-28,24.13740425531915
2023-03-01,21.430194152173915
2023-03-02,26.995195531914895
2023-03-03,14.052536425531914
2023-03-04,7.8717505531914895
2023-03-05,10.253904765957447
2023-03-06,22.559700936170213
2023-03-07,6.2871112978723405
2023-03-08,22.25817940434783
2023-03-09,17.903555936170214
2023-03-10,15.528080829787234
2023-03-11,6.312715787234043
2023-03-12,4.821046170212766
2023-03-13,7.801399361702128
2023-03-14,8.654976972340426
2023-03-15,8.854726782608696
2023-03-16,12.290942654347827
2023-03-17,10.282131021739131
2023-03-18,17.619289510638296
2023-03-19,14.388658595744682
2023-03-20,12.59391429787234
2023-03-21,15.597333361702127
2023-03-22,11.730671808510639
2023-03-23,11.80067655319149
2023-03-24,8.30690468888889
2023-03-25,8.212067804347825
2023-03-26,5.086821276595745
2023-03-27,14.043779021276597
2023-03-28,13.263711276595746
2023-03-29,13.258186659574468
2023-03-30,17.057662787234044
2023-03-31,14.352838510638296
2023-04-01,10.774147826086956
2023-04-02,8.041673148936171
2023-04-03,14.963595617021276
2023-04-04,14.272150553191489
2023-04-05,14.16330244680851
2023-04-06,7.22840140425532
2023-04-07,8.452577978723404
2023-04-08,11.33248904347826
2023-04-09,12.540976340425532
2023-04-10,7.341814234042554
2023-04-11,15.74651974468085
2023-04-12,14.681432170212767
2023-04-13,11.359059212765956
2023-04-14,15.678832851063829
2023-04-15,11.38987558695652
2023-04-16,8.487830617021277
2023-04-17,18.21797529787234
2023-04-18,16.566323127659576
2023-04-19,10.355762574468086
2023-04-20,15.452737638297872
2023-04-21,22.28462219148936
2023-04-22,13.819669847826088
2023-04-23,11.440431170212765
2023-04-24,12.59723310638298
2023-04-25,8.678805085106383
2023-04-26,6.380823012765957
2023-04-27,9.041671302325582
2023-04-28,17.246406086956522
2023-04-29,9.384785276595744
2023-04-30,10.085890021276596
2023-05-01,11.89273440425532
2023-05-02,10.600426870212766
2023-05-03,11.257222765957447
2023-05-04,20.68298119148936
2023-05-05,4.919667466666667
2023-05-06,7.08923244680851
2023-05-07,9.05372640425532
2023-05-08,12.722855191489362
2023-05-09,9.810410936170213
2023-05-10,12.676208702127658
2023-05-11,15.952219723404255
2023-05-12,20.72151043478261
2023-05-13,13.910490425531915
2023-05-14,13.191498021276596
2023-05-15,17.822866723404257
2023-05-16,8.90693414893617
2023-05-17,7.50384775319149
2023-05-18,7.6780694680851065
2023-05-19,14.616987913043477
2023-05-20,12.27798255319149
2023-05-21,12.307502617021276
2023-05-22,15.821427531914892
2023-05-23,18.029670510638297
2023-05-24,19.988548468085106
2023-05-25,4.135840375
2023-05-26,11.262618333333332
2023-05-27,9.003199630434782
2023-05-28,7.370176425531915
2023-05-29,4.5373498297872334
2023-05-30,14.71738874468085
2023-05-31,10.678315531914894
2023-06-01,8.39312644680851
2023-06-02,10.17475029787234
2023-06-03,10.347534760869566
2023-06-04,9.832838872340425
2023-06-05,14.58466644680851
2023-06-06,18.267913276595742
2023-06-07,14.621063829787232
2023-06-08,5.765531914893617
2023-06-09,1.1130232558139534
2023-06-10,0.009999999999999998
2023-06-11,0.11893617021276595
2023-06-12,6.519574468085107
2023-06-13,13.005348837209302
2023-06-14,18.47699095744681
2023-06-15,17.18434363829787
2023-06-16,19.175024065217393
2023-06-17,18.596381173913045
2023-06-18,8.639068446808512
2023-06-19,16.81931380851064
2023-06-20,16.48275880851064
2023-06-21,12.643499702127658
2023-06-22,13.83870370212766
2023-06-23,11.764631574468085
2023-06-24,10.184098234042553
2023-06-25,9.71228014893617
2023-06-26,13.568946617021277
2023-06-27,6.636767021739131
2023-06-28,8.77640808888889
2023-06-29,11.712066638297872
2023-06-30,8.909523723404256
2023-07-01,8.097910638297872
2023-07-02,4.234963106382979
2023-07-03,6.6908574893617025
2023-07-04,6.8581799782608694
2023-07-05,10.431805829787233
2023-07-06,7.4721570851063825
2023-07-07,13.661287404255319
2023-07-08,16.749181638297873
2023-07-09,15.30720229787234
2023-07-10,17.04162093617021
2023-07-11,9.614447
2023-07-12,9.499426936170213
2023-07-13,8.530049212765958
2023-07-14,8.706118127659574
2023-07-15,8.567358723404256
2023-07-16,4.98150985106383
2023-07-17,7.037436127659575
2023-07-18,5.478447326086957
2023-07-19,6.817890723404255
2023-07-20,5.1512055384615385
2023-07-21,6.572012510638298
2023-07-22,6.259062510638297
2023-07-23,6.020072808510638
2023-07-24,6.251343127659575
2023-07-25,4.5555417234042554
2023-07-26,5.819694829787235
2023-07-27,8.94951314893617
2023-07-28,23.69768756097561
2023-07-29,11.365885717391304
2023-07-30,5.902971361702128
2023-07-31,7.6554592553191485
2023-08-01,12.958993404255319
2023-08-02,7.6640390638297875
2023-08-03,10.755785744680852
2023-08-04,7.856519361702128
2023-08-05,8.461692086956521
2023-08-06,8.37882965957447
2023-08-07,4.535513972340426
2023-08-08,3.9335196678723405
2023-08-09,7.759083461702128
2023-08-10,8.859578957446809
2023-08-11,11.700549044444445
2023-08-12,14.479801260869566
2023-08-13,8.556228446808511
2023-08-14,13.427144212765958
2023-08-15,13.226949723404257
2023-08-16,11.405231723404254
2023-08-17,15.105587106382979
2023-08-18,13.3660624893617
2023-08-19,11.01376145652174
2023-08-20,11.406428872340426
2023-08-21,11.694208404255319
2023-08-22,13.167565361702128
2023-08-23,11.420445063829787
2023-08-24,11.528659191489362
2023-08-25,16.300292638297872
2023-08-26,11.601424304347827
2023-08-27,11.940696553191488
2023-08-28,12.90914089361702
2023-08-29,18.431842978723402
2023-08-30,16.46345544680851
2023-08-31,19.79613706382979
2023-09-01,12.579401787234044
2023-09-02,8.021099195652173
2023-09-03,7.544483510638298
2023-09-04,11.596635347826089
2023-09-05,20.08418085106383
2023-09-06,22.524854617021276
2023-09-07,13.097935680851064
2023-09-08,17.80444578723404
2023-09-09,18.503395304347826
2023-09-10,14.688691127659574
2023-09-11,12.233365829787235
2023-09-12,16.49404255319149
2023-09-13,13.075744680851063
2023-09-14,11.861392170212765
2023-09-15,14.791343510638297
2023-09-16,15.170828978260868
2023-09-17,12.717070148936171
2023-09-18,10.435629276595744
2023-09-19,7.338856468085107
2023-09-20,8.84376755319149
2023-09-21,11.426557234042553
2023-09-22,13.699690234042553
2023-09-23,10.989840652173912
2023-09-24,7.83872340425532
2023-09-25,8.004002595744682
2023-09-26,18.637273063829788
2023-09-27,20.209456319148934
2023-09-28,16.54148936170213
2023-09-29,14.315744680851065
2023-09-30,7.666275130434783
2023-10-01,9.391511021276596
2023-10-02,15.421462063829788
2023-10-03,9.541808510638297
2023-10-04,8.300266191489362
2023-10-05,10.253658361702128
2023-10-06,8.698223574468084
2023-10-07,10.005389545652173
2023-10-08,11.935589042553191
2023-10-09,14.571598319148936
2023-10-10,12.039640148936169
2023-10-11,9.320535382978724
2023-10-12,10.39716140425532
2023-10-13,12.700425914893618
2023-10-14,4.671352760869565
2023-10-15,3.599480655319149
2023-10-16,11.167319297872341
2023-10-17,14.19702687179487
2023-10-18,14.547427127659574
2023-10-19,6.029821127659575
2023-10-20,6.0115851590909095
2023-10-21,6.186682152173913
2023-10-22,8.577781340425533
2023-10-23,14.19186897826087
2023-10-24,12.81232855319149
2023-10-25,7.82593355106383
2023-10-26,9.738465638297871
2023-10-27,11.990411891304348
2023-10-28,8.235103042553192
2023-10-29,8.470605212765957
2023-10-30,10.534330468085107
2023-10-31,11.779574608695654
2023-11-01,11.49878159574468
2023-11-02,10.043011361702128
2023-11-03,10.054041565217391
2023-11-04,8.232628063829788
2023-11-05,11.480782404255319
2023-11-06,11.661328531914894
2023-11-07,10.685204978723403
2023-11-08,10.812987276595745
2023-11-09,8.240410914893618
2023-11-10,10.391887282608696
2023-11-11,15.055388893617023
2023-11-12,16.72969840425532
2023-11-13,19.476348595744682
2023-11-14,9.097197595744682
2023-11-15,12.923579914893619
2023-11-16,9.324214968085107
2023-11-17,11.92864697826087
2023-11-18,18.480070782608696
2023-11-19,5.706148957446809
2023-11-20,10.433370808510638
2023-11-21,13.006996425531916
2023-11-22,13.810872382978722
2023-11-23,5.79505085106383
2023-11-24,11.60942550425532
2023-11-25,8.483777
2023-11-26,18.336317086956523
2023-11-27,12.380057446808511
2023-11-28,10.405973978723404
2023-11-29,17.351456638297872
2023-11-30,11.906945382978725
2023-12-01,8.90920314893617
2023-12-02,9.463130085106382
2023-12-03,11.899852760869566
2023-12-04,12.246375574468086
2023-12-05,9.088137872340425
2023-12-06,9.98500825531915
2023-12-07,15.45080789361702
2023-12-08,13.870415234042554
2023-12-09,11.30364370212766
2023-12-10,8.298838282608695
2023-12-11,11.313192574468085
2023-12-12,10.885921148936172
2023-12-13,11.067673468085106
2023-12-14,14.844461787234042
2023-12-15,11.60071044680851
2023-12-16,6.751234586956521
2023-12-17,3.272067425531915
2023-12-18,7.925071170212766
2023-12-19,12.367163574468087
2023-12-20,8.659081808510638
2023-12-21,6.412935191489362
2023-12-22,4.708822908510639
2023-12-23,9.172739152173914
2023-12-24,7.557195978723405
2023-12-25,3.5559090021276596
2023-12-26,3.815353859574468
2023-12-27,11.64461004255319
2023-12-28,8.119274191489362
2023-12-29,6.897775319148937
2023-12-30,9.153935217391306
2023-12-31,6.586321489361703
